function,dim,pop,n_algos,H,p
griewank,10,50,4,18.048292682926814,0.00042987645462533243
griewank,10,100,4,16.318536585365877,0.0009755897969516447
griewank,10,500,4,10.459024390243911,0.015041450159893
griewank,50,50,4,9.367317073170739,0.02478559385412384
griewank,50,100,4,10.76048780487804,0.013094082130443802
griewank,50,500,4,22.371219512195154,5.4599527823445104e-05
griewank,100,50,4,19.543902439024407,0.00021099121167147028
griewank,100,100,4,7.29219512195121,0.06314526173868872
griewank,100,500,4,9.721463414634144,0.02108840988920124
rastrigin,10,50,4,18.559024390243934,0.00033722975771954534
rastrigin,10,100,4,19.27170731707318,0.0002402143620791744
rastrigin,10,500,4,9.367317073170739,0.02478559385412384
rastrigin,50,50,4,9.153658536585368,0.027316158065877047
rastrigin,50,100,4,18.3409756097561,0.0003740669433124249
rastrigin,50,500,4,14.032682926829295,0.002861001567018964
rastrigin,100,50,4,23.218536585365854,3.636131228509018e-05
rastrigin,100,100,4,19.169268292682943,0.0002522266078491891
rastrigin,100,500,4,12.452195121951235,0.005984269933827876
rosenbrock,10,50,4,8.882926829268314,0.030888622447369694
rosenbrock,10,100,4,6.734634146341477,0.08085448628767054
rosenbrock,10,500,4,21.923414634146326,6.766887008648775e-05
rosenbrock,50,50,4,14.585853658536593,0.002207053593773589
rosenbrock,50,100,4,14.824390243902457,0.001973038481666054
rosenbrock,50,500,4,17.287317073170726,0.0006168022305027111
rosenbrock,100,50,4,15.882439024390237,0.0011986831478117642
rosenbrock,100,100,4,8.84926829268295,0.03136354941300298
rosenbrock,100,500,4,18.395121951219522,0.0003645619599504606
sphere,10,50,4,14.205365853658549,0.0026385324519083964
sphere,10,100,4,4.520487804878044,0.21047008592156874
sphere,10,500,4,17.299024390243886,0.0006133891935086253
sphere,50,50,4,18.585365853658544,0.0003330313612689269
sphere,50,100,4,15.436097560975611,0.0014794709870863897
sphere,50,500,4,18.11853658536583,0.0004157700899525115
sphere,100,50,4,15.796097560975653,0.001248522564639728
sphere,100,100,4,8.313658536585365,0.03995517288281184
sphere,100,500,4,9.712682926829274,0.021173164062198352
