D,threads/bloc,shmem_octets,blocs_par_SM,warps_actifs_par_SM,occupation_%,threads_utiles_%
10,32,592,16,16,50.0,31.2
10,64,1104,16,32,100.0,15.6
10,128,2128,8,32,100.0,7.8
10,256,4176,4,32,100.0,3.9
10,512,8272,2,32,100.0,2.0
50,32,912,16,16,50.0,100.0
50,64,1424,16,32,100.0,78.1
50,128,2448,8,32,100.0,39.1
50,256,4496,4,32,100.0,19.5
50,512,8592,2,32,100.0,9.8
100,32,1312,16,16,50.0,100.0
100,64,1824,16,32,100.0,100.0
100,128,2848,8,32,100.0,78.1
100,256,4896,4,32,100.0,39.1
100,512,8992,2,32,100.0,19.5
