function,pop,DE_seq(mean;std),DE_gpu_v1(mean;std),DE_gpu_v2(mean;std),DE_gpu_jDE(mean;std)
sphere,50,1.882612e-04;1.020288e-04,2.920099e-04;1.587572e-04,2.654507e-04;2.672504e-04,3.512826e-05;2.117179e-05
sphere,100,2.424360e-04;1.781039e-04,2.074081e-04;1.493150e-04,1.474871e-04;1.153400e-04,5.098285e-05;1.995743e-05
sphere,500,7.981768e-04;6.488646e-04,8.743014e-04;9.593205e-04,6.811945e-04;5.326931e-04,1.118457e-04;1.019502e-04
rastrigin,50,4.180079e+01;2.176178e+01,2.654501e+01;1.708977e+01,4.085764e+01;3.219447e+01,1.776448e+01;2.430786e+01
rastrigin,100,5.146051e+01;5.727136e+01,3.412032e+01;1.590906e+01,2.318188e+01;2.576682e+01,8.011376e+00;5.856410e+00
rastrigin,500,1.908241e+01;1.699412e+01,1.921519e+01;1.344534e+01,1.050035e+01;6.174141e+00,4.643342e+00;1.923717e+00
rosenbrock,50,2.672141e+02;3.978380e+02,2.320559e+02;1.223229e+02,2.645160e+02;3.127916e+02,4.831505e+01;2.318875e+01
rosenbrock,100,2.420120e+02;1.596782e+02,3.232231e+02;1.557721e+02,3.812950e+02;4.040215e+02,5.957074e+01;3.163470e+01
rosenbrock,500,7.262528e+02;6.561895e+02,5.783154e+02;3.772721e+02,7.447973e+02;3.812388e+02,1.803233e+02;1.091585e+02
griewank,50,1.241671e-01;8.496578e-02,1.469430e-01;9.618754e-02,1.268297e-01;1.201705e-01,3.809907e-02;2.694098e-02
griewank,100,1.585502e-01;1.339776e-01,3.059671e-01;4.575524e-01,1.847944e-01;1.913880e-01,5.236633e-02;5.521247e-02
griewank,500,1.728658e-01;1.042649e-01,6.049672e-01;1.092877e+00,2.375781e-01;1.424247e-01,5.293063e-02;2.246811e-02
