function,dim,pop,ref,algo,test,n_ref,n_algo,mean_ref,mean_algo,median_ref,median_algo,statistic,p_raw,prob_algo_better,p_holm,decision
griewank,10,50,DE_seq,DE_gpu_v1,mannwhitney_u,10,10,0.01521689711381273,0.01834922107803256,0.0070340235198690995,0.0099389341459965,41.0,0.5205228832757727,0.41,1.0,=
griewank,10,50,DE_seq,DE_gpu_v2,mannwhitney_u,10,10,0.01521689711381273,0.01118891167899627,0.0070340235198690995,0.0090706867105082,43.0,0.6231762238821174,0.43,1.0,=
griewank,10,50,DE_seq,DE_gpu_jDE,mannwhitney_u,10,10,0.01521689711381273,0.00207385122525189,0.0070340235198690995,0.001549244339489,84.0,0.011329696684474665,0.84,0.033989090053423994,+
griewank,10,100,DE_seq,DE_gpu_v1,mannwhitney_u,10,10,0.01758565602467429,0.011945965905852248,0.01698490712542585,0.0105004395712592,66.0,0.24132159301718004,0.66,0.24132159301718004,=
griewank,10,100,DE_seq,DE_gpu_v2,mannwhitney_u,10,10,0.01758565602467429,0.00817975172632151,0.01698490712542585,0.00646919365423085,76.0,0.053902557169387175,0.76,0.10780511433877435,=
griewank,10,100,DE_seq,DE_gpu_jDE,mannwhitney_u,10,10,0.01758565602467429,0.00360172614264117,0.01698490712542585,0.003222748643091,92.0,0.0017062493689195964,0.92,0.0051187481067587895,+
griewank,10,500,DE_seq,DE_gpu_v1,mannwhitney_u,10,10,0.024268410897494007,0.024804250005237248,0.03013859942047905,0.01438101150219085,50.0,1.0,0.5,1.0,=
griewank,10,500,DE_seq,DE_gpu_v2,mannwhitney_u,10,10,0.024268410897494007,0.028286641841655212,0.03013859942047905,0.02575510280514735,50.0,1.0,0.5,1.0,=
griewank,10,500,DE_seq,DE_gpu_jDE,mannwhitney_u,10,10,0.024268410897494007,0.00910347383556303,0.03013859942047905,0.00977900502690645,83.0,0.014019277113959953,0.83,0.04205783134187986,+
griewank,50,50,DE_seq,DE_gpu_v1,mannwhitney_u,10,10,0.12416706714027867,0.14694302589893493,0.125694401020498,0.1458627492432317,46.0,0.7913367801006604,0.46,1.0,=
griewank,50,50,DE_seq,DE_gpu_v2,mannwhitney_u,10,10,0.12416706714027867,0.12682969027522703,0.125694401020498,0.0707846269109943,53.0,0.8501067391385259,0.53,1.0,=
griewank,50,50,DE_seq,DE_gpu_jDE,mannwhitney_u,10,10,0.12416706714027867,0.03809907329052771,0.125694401020498,0.034518355191711,85.0,0.009108496398030965,0.85,0.027325489194092896,+
griewank,50,100,DE_seq,DE_gpu_v1,mannwhitney_u,10,10,0.1585501936300771,0.3059671115195991,0.12468317003952584,0.204461040090165,36.0,0.3074894566186813,0.36,0.6149789132373626,=
griewank,50,100,DE_seq,DE_gpu_v2,mannwhitney_u,10,10,0.1585501936300771,0.184794408065492,0.12468317003952584,0.12233272481164789,46.0,0.7913367801006604,0.46,0.7913367801006604,=
griewank,50,100,DE_seq,DE_gpu_jDE,mannwhitney_u,10,10,0.1585501936300771,0.05236632779994001,0.12468317003952584,0.0377085529816457,86.0,0.00728455700947966,0.86,0.02185367102843898,+
griewank,50,500,DE_seq,DE_gpu_v1,mannwhitney_u,10,10,0.17286577475526027,0.6049672360444611,0.12855710394976336,0.18956144907286135,26.0,0.07566157214388704,0.26,0.15132314428777408,=
griewank,50,500,DE_seq,DE_gpu_v2,mannwhitney_u,10,10,0.17286577475526027,0.2375780527825957,0.12855710394976336,0.2102196366305435,37.0,0.3447042220069576,0.37,0.3447042220069576,=
griewank,50,500,DE_seq,DE_gpu_jDE,mannwhitney_u,10,10,0.17286577475526027,0.05293063356498436,0.12855710394976336,0.04591749104742565,98.0,0.00032983852077799353,0.98,0.0009895155623339807,+
griewank,100,50,DE_seq,DE_gpu_v1,mannwhitney_u,10,10,0.9929746906006042,0.3440532232792394,0.5058385558177705,0.3391924468269416,66.0,0.24132159301718004,0.66,0.3717534647317515,=
griewank,100,50,DE_seq,DE_gpu_v2,mannwhitney_u,10,10,0.9929746906006042,0.3341465230684525,0.5058385558177705,0.33934767420896506,68.0,0.18587673236587576,0.68,0.3717534647317515,=
griewank,100,50,DE_seq,DE_gpu_jDE,mannwhitney_u,10,10,0.9929746906006042,0.080312612165699,0.5058385558177705,0.042157490207783505,98.0,0.00032983852077799353,0.98,0.0009895155623339807,+
griewank,100,100,DE_seq,DE_gpu_v1,mannwhitney_u,10,10,0.3128615959209621,0.37300490487603666,0.2188859814689857,0.17844798918274601,52.0,0.9097218891455553,0.52,1.0,=
griewank,100,100,DE_seq,DE_gpu_v2,mannwhitney_u,10,10,0.3128615959209621,0.3590376693227525,0.2188859814689857,0.29085007326217643,44.0,0.6775849579524755,0.44,1.0,=
griewank,100,100,DE_seq,DE_gpu_jDE,mannwhitney_u,10,10,0.3128615959209621,0.11904581103856555,0.2188859814689857,0.099853060690172,78.0,0.03763531378731424,0.78,0.11290594136194271,=
griewank,100,500,DE_seq,DE_gpu_v1,mannwhitney_u,10,10,0.9918794833879139,0.7852302218312626,0.8769912511084375,0.6296100656333781,62.0,0.3846730627355087,0.62,0.7693461254710174,=
griewank,100,500,DE_seq,DE_gpu_v2,mannwhitney_u,10,10,0.9918794833879139,0.954175622274559,0.8769912511084375,0.4170631507572746,61.0,0.4273553138978077,0.61,0.7693461254710174,=
griewank,100,500,DE_seq,DE_gpu_jDE,mannwhitney_u,10,10,0.9918794833879139,0.2475929287931244,0.8769912511084375,0.1439745287887989,90.0,0.0028272720911168077,0.9,0.008481816273350424,+
rastrigin,10,50,DE_seq,DE_gpu_v1,mannwhitney_u,10,10,12.91386376402339,6.639052305132165,9.78027827081321,6.241058294606242,75.0,0.06402210128302689,0.75,0.06402210128302689,=
rastrigin,10,50,DE_seq,DE_gpu_v2,mannwhitney_u,10,10,12.91386376402339,5.825069655146171,9.78027827081321,4.998065121117859,82.0,0.017257456083119765,0.82,0.03451491216623953,+
rastrigin,10,50,DE_seq,DE_gpu_jDE,mannwhitney_u,10,10,12.91386376402339,2.328561292870181,9.78027827081321,1.542723400001102,96.0,0.0005828399431792743,0.96,0.001748519829537823,+
rastrigin,10,100,DE_seq,DE_gpu_v1,mannwhitney_u,10,10,7.985865880662894,9.218481111249664,7.575975160295107,7.379899739613185,50.0,1.0,0.5,1.0,=
rastrigin,10,100,DE_seq,DE_gpu_v2,mannwhitney_u,10,10,7.985865880662894,4.108693665015531,7.575975160295107,4.217058166830203,73.0,0.08897301170181328,0.73,0.17794602340362656,=
rastrigin,10,100,DE_seq,DE_gpu_jDE,mannwhitney_u,10,10,7.985865880662894,1.3148570085260416,7.575975160295107,1.3928431170366438,94.0,0.0010079762403767444,0.94,0.003023928721130233,+
rastrigin,10,500,DE_seq,DE_gpu_v1,mannwhitney_u,10,10,4.021859839071155,4.555374408114452,3.7047100175660956,2.8626935338545483,59.0,0.5205228832757727,0.59,1.0,=
rastrigin,10,500,DE_seq,DE_gpu_v2,mannwhitney_u,10,10,4.021859839071155,3.7711849011365013,3.7047100175660956,3.4773275840097173,51.0,0.9698499769931556,0.51,1.0,=
rastrigin,10,500,DE_seq,DE_gpu_jDE,mannwhitney_u,10,10,4.021859839071155,1.4025184944104219,3.7047100175660956,0.9811030791808316,90.0,0.0028272720911168077,0.9,0.008481816273350424,+
rastrigin,50,50,DE_seq,DE_gpu_v1,mannwhitney_u,10,10,41.80078839003166,26.54501231832622,38.67822348822807,23.88110483905763,72.0,0.10410988966022681,0.72,0.20821977932045363,=
rastrigin,50,50,DE_seq,DE_gpu_v2,mannwhitney_u,10,10,41.80078839003166,40.85763588789391,38.67822348822807,34.45483299233926,56.0,0.6775849579524755,0.56,0.6775849579524755,=
rastrigin,50,50,DE_seq,DE_gpu_jDE,mannwhitney_u,10,10,41.80078839003166,17.76448002972923,38.67822348822807,7.132404329502268,83.0,0.014019277113959953,0.83,0.04205783134187986,+
rastrigin,50,100,DE_seq,DE_gpu_v1,mannwhitney_u,10,10,51.46051103876746,34.12031547506057,34.1069437962204,34.57737155604818,56.0,0.6775849579524755,0.56,0.6775849579524755,=
rastrigin,50,100,DE_seq,DE_gpu_v2,mannwhitney_u,10,10,51.46051103876746,23.18187661426214,34.1069437962204,16.89556691443613,76.0,0.053902557169387175,0.76,0.10780511433877435,=
rastrigin,50,100,DE_seq,DE_gpu_jDE,mannwhitney_u,10,10,51.46051103876746,8.011375787524134,34.1069437962204,6.622655850823223,95.0,0.0007685389131627665,0.95,0.0023056167394882995,+
rastrigin,50,500,DE_seq,DE_gpu_v1,mannwhitney_u,10,10,19.082413374721888,19.21518902975935,14.372530007646393,19.602353016914467,47.0,0.8501067391385259,0.47,0.8501067391385259,=
rastrigin,50,500,DE_seq,DE_gpu_v2,mannwhitney_u,10,10,19.082413374721888,10.500347401209586,14.372530007646393,8.64708277105819,68.0,0.18587673236587576,0.68,0.3717534647317515,=
rastrigin,50,500,DE_seq,DE_gpu_jDE,mannwhitney_u,10,10,19.082413374721888,4.643342318463381,14.372530007646393,4.468744535574332,95.0,0.0007685389131627665,0.95,0.0023056167394882995,+
rastrigin,100,50,DE_seq,DE_gpu_v1,mannwhitney_u,10,10,71.56376708487642,151.00996874226226,57.336822027218815,130.26814184724253,15.0,0.009108496398030965,0.15,0.027325489194092896,-
rastrigin,100,50,DE_seq,DE_gpu_v2,mannwhitney_u,10,10,71.56376708487642,54.856390966666595,57.336822027218815,43.897713630817385,57.0,0.6231762238821174,0.57,0.6231762238821174,=
rastrigin,100,50,DE_seq,DE_gpu_jDE,mannwhitney_u,10,10,71.56376708487642,21.57512238702611,57.336822027218815,13.199136129470197,85.0,0.009108496398030965,0.85,0.027325489194092896,+
rastrigin,100,100,DE_seq,DE_gpu_v1,mannwhitney_u,10,10,44.84231803483641,69.05712194705134,40.46562569776077,53.53792343574479,37.0,0.3447042220069576,0.37,0.6894084440139152,=
rastrigin,100,100,DE_seq,DE_gpu_v2,mannwhitney_u,10,10,44.84231803483641,86.10328622700338,40.46562569776077,52.006714836054456,38.0,0.3846730627355087,0.38,0.6894084440139152,=
rastrigin,100,100,DE_seq,DE_gpu_jDE,mannwhitney_u,10,10,44.84231803483641,9.838035911594813,40.46562569776077,7.574605010466529,93.0,0.0013149446697132139,0.93,0.003944834009139642,+
rastrigin,100,500,DE_seq,DE_gpu_v1,mannwhitney_u,10,10,35.385096064099116,41.02783926129145,28.77516286195926,39.60302999015329,44.0,0.6775849579524755,0.44,0.6775849579524755,=
rastrigin,100,500,DE_seq,DE_gpu_v2,mannwhitney_u,10,10,35.385096064099116,65.76081561373172,28.77516286195926,41.032720865777,34.0,0.24132159301718004,0.34,0.48264318603436007,=
rastrigin,100,500,DE_seq,DE_gpu_jDE,mannwhitney_u,10,10,35.385096064099116,11.789710442997611,28.77516286195926,9.544279672147324,89.0,0.0036105143123296027,0.89,0.010831542936988809,+
rosenbrock,10,50,DE_seq,DE_gpu_v1,mannwhitney_u,10,10,38.010055873671476,48.98204570956991,24.368275529664583,27.608230358503427,42.0,0.5707503880581739,0.42,1.0,=
rosenbrock,10,50,DE_seq,DE_gpu_v2,mannwhitney_u,10,10,38.010055873671476,28.59992422383168,24.368275529664583,19.047606772815264,55.0,0.7337299956962472,0.55,1.0,=
rosenbrock,10,50,DE_seq,DE_gpu_jDE,mannwhitney_u,10,10,38.010055873671476,12.024447340475096,24.368275529664583,7.780105473359157,80.0,0.025748080821108063,0.8,0.07724424246332419,=
rosenbrock,10,100,DE_seq,DE_gpu_v1,mannwhitney_u,10,10,49.537242588120996,79.64960933917898,40.010600734098986,60.34024969449558,39.0,0.4273553138978077,0.39,0.8547106277956154,=
rosenbrock,10,100,DE_seq,DE_gpu_v2,mannwhitney_u,10,10,49.537242588120996,42.782873879080825,40.010600734098986,25.438610034849138,59.0,0.5205228832757727,0.59,0.8547106277956154,=
rosenbrock,10,100,DE_seq,DE_gpu_jDE,mannwhitney_u,10,10,49.537242588120996,24.399797347119453,40.010600734098986,15.492749693093561,71.0,0.12122450301291662,0.71,0.36367350903874984,=
rosenbrock,10,500,DE_seq,DE_gpu_v1,mannwhitney_u,10,10,110.29761429813261,392.34309187526935,84.54129442759599,163.50299564932953,23.0,0.04515456962427901,0.23,0.09030913924855802,=
rosenbrock,10,500,DE_seq,DE_gpu_v2,mannwhitney_u,10,10,110.29761429813261,147.13042331418274,84.54129442759599,123.28162620963846,40.0,0.47267559351158717,0.4,0.47267559351158717,=
rosenbrock,10,500,DE_seq,DE_gpu_jDE,mannwhitney_u,10,10,110.29761429813261,25.792603373458086,84.54129442759599,28.510660429258486,91.0,0.0022022199424970783,0.91,0.006606659827491234,+
rosenbrock,50,50,DE_seq,DE_gpu_v1,mannwhitney_u,10,10,267.2140876743553,232.05586325285086,142.270262634811,210.9480219764086,34.0,0.24132159301718004,0.34,0.48264318603436007,=
rosenbrock,50,50,DE_seq,DE_gpu_v2,mannwhitney_u,10,10,267.2140876743553,264.51597189911956,142.270262634811,193.28475571648676,46.0,0.7913367801006604,0.46,0.7913367801006604,=
rosenbrock,50,50,DE_seq,DE_gpu_jDE,mannwhitney_u,10,10,267.2140876743553,48.31505379505758,142.270262634811,43.549976447058015,76.0,0.053902557169387175,0.76,0.1617076715081615,=
rosenbrock,50,100,DE_seq,DE_gpu_v1,mannwhitney_u,10,10,242.0119644891998,323.2230957608238,205.42695946010912,383.57874279094233,36.0,0.3074894566186813,0.36,0.6149789132373626,=
rosenbrock,50,100,DE_seq,DE_gpu_v2,mannwhitney_u,10,10,242.0119644891998,381.2950093677607,205.42695946010912,257.8211575305509,43.0,0.6231762238821174,0.43,0.6231762238821174,=
rosenbrock,50,100,DE_seq,DE_gpu_jDE,mannwhitney_u,10,10,242.0119644891998,59.57073523137636,205.42695946010912,59.321949104932756,94.0,0.0010079762403767444,0.94,0.003023928721130233,+
rosenbrock,50,500,DE_seq,DE_gpu_v1,mannwhitney_u,10,10,726.2527524458219,578.3154406061096,369.6669708854349,460.64463480213897,46.0,0.7913367801006604,0.46,0.8547106277956154,=
rosenbrock,50,500,DE_seq,DE_gpu_v2,mannwhitney_u,10,10,726.2527524458219,744.797345464021,369.6669708854349,695.8350960381143,39.0,0.4273553138978077,0.39,0.8547106277956154,=
rosenbrock,50,500,DE_seq,DE_gpu_jDE,mannwhitney_u,10,10,726.2527524458219,180.3233021074415,369.6669708854349,205.26088331623947,88.0,0.004586392080253494,0.88,0.013759176240760482,+
rosenbrock,100,50,DE_seq,DE_gpu_v1,mannwhitney_u,10,10,368.22188593276957,241.8910737160483,402.05790597494524,211.59906791034467,72.0,0.10410988966022681,0.72,0.20821977932045363,=
rosenbrock,100,50,DE_seq,DE_gpu_v2,mannwhitney_u,10,10,368.22188593276957,274.85515304742046,402.05790597494524,234.3878624559465,69.0,0.16197241048012612,0.69,0.20821977932045363,=
rosenbrock,100,50,DE_seq,DE_gpu_jDE,mannwhitney_u,10,10,368.22188593276957,88.13331748207136,402.05790597494524,85.4665330495811,92.0,0.0017062493689195964,0.92,0.0051187481067587895,+
rosenbrock,100,100,DE_seq,DE_gpu_v1,mannwhitney_u,10,10,654.4178818771767,411.36291078146917,514.1983758001204,396.4042140524589,65.0,0.27303633975118835,0.65,0.5460726795023767,=
rosenbrock,100,100,DE_seq,DE_gpu_v2,mannwhitney_u,10,10,654.4178818771767,771.7368947458391,514.1983758001204,419.61288068991735,57.0,0.6231762238821174,0.57,0.6231762238821174,=
rosenbrock,100,100,DE_seq,DE_gpu_jDE,mannwhitney_u,10,10,654.4178818771767,196.53705393877368,514.1983758001204,111.43380859052596,87.0,0.00579535854433471,0.87,0.01738607563300413,+
rosenbrock,100,500,DE_seq,DE_gpu_v1,mannwhitney_u,10,10,761.853301976839,1304.476363312201,613.3311440926655,1170.9872084937128,26.0,0.07566157214388704,0.26,0.15132314428777408,=
rosenbrock,100,500,DE_seq,DE_gpu_v2,mannwhitney_u,10,10,761.853301976839,1348.6524397053968,613.3311440926655,931.9824566052692,38.0,0.3846730627355087,0.38,0.3846730627355087,=
rosenbrock,100,500,DE_seq,DE_gpu_jDE,mannwhitney_u,10,10,761.853301976839,239.49583158051013,613.3311440926655,203.40948695609887,93.0,0.0013149446697132139,0.93,0.003944834009139642,+
sphere,10,50,DE_seq,DE_gpu_v1,mannwhitney_u,10,10,2.0361259214082434e-06,9.456492331715503e-07,1.4535819285691897e-06,4.7501686001727774e-07,75.0,0.06402210128302689,0.75,0.12804420256605378,=
sphere,10,50,DE_seq,DE_gpu_v2,mannwhitney_u,10,10,2.0361259214082434e-06,1.3915833280220292e-06,1.4535819285691897e-06,8.393021597724615e-07,65.0,0.27303633975118835,0.65,0.27303633975118835,=
sphere,10,50,DE_seq,DE_gpu_jDE,mannwhitney_u,10,10,2.0361259214082434e-06,3.9116909896752983e-07,1.4535819285691897e-06,1.5129953998508545e-07,87.0,0.00579535854433471,0.87,0.01738607563300413,+
sphere,10,100,DE_seq,DE_gpu_v1,mannwhitney_u,10,10,1.6105519759620298e-06,2.3043827947498223e-06,1.2617436456759532e-06,1.8914157918447864e-06,44.0,0.6775849579524755,0.44,1.0,=
sphere,10,100,DE_seq,DE_gpu_v2,mannwhitney_u,10,10,1.6105519759620298e-06,1.8551328936185522e-06,1.2617436456759532e-06,1.4646959588184736e-06,52.0,0.9097218891455553,0.52,1.0,=
sphere,10,100,DE_seq,DE_gpu_jDE,mannwhitney_u,10,10,1.6105519759620298e-06,8.639004048762682e-07,1.2617436456759532e-06,8.043439305923106e-07,76.0,0.053902557169387175,0.76,0.1617076715081615,=
sphere,10,500,DE_seq,DE_gpu_v1,mannwhitney_u,10,10,3.073953801106409e-06,8.975122188173357e-06,2.9177891400015994e-06,5.587726504861479e-06,29.0,0.12122450301291662,0.29,0.12122450301291662,=
sphere,10,500,DE_seq,DE_gpu_v2,mannwhitney_u,10,10,3.073953801106409e-06,5.494730120024542e-06,2.9177891400015994e-06,4.988136475250843e-06,23.0,0.04515456962427901,0.23,0.09030913924855802,=
sphere,10,500,DE_seq,DE_gpu_jDE,mannwhitney_u,10,10,3.073953801106409e-06,1.2600979766918894e-06,2.9177891400015994e-06,6.865993711805872e-07,86.0,0.00728455700947966,0.86,0.02185367102843898,+
sphere,50,50,DE_seq,DE_gpu_v1,mannwhitney_u,10,10,0.00018826121507535746,0.0002920099188782135,0.00016874341462555,0.00028654063752595,28.0,0.10410988966022681,0.28,0.20821977932045363,=
sphere,50,50,DE_seq,DE_gpu_v2,mannwhitney_u,10,10,0.00018826121507535746,0.00026545072922852015,0.00016874341462555,0.000157551529612,50.0,1.0,0.5,1.0,=
sphere,50,50,DE_seq,DE_gpu_jDE,mannwhitney_u,10,10,0.00018826121507535746,3.512825607921034e-05,0.00016874341462555,4.2473518681833294e-05,96.0,0.0005828399431792743,0.96,0.001748519829537823,+
sphere,50,100,DE_seq,DE_gpu_v1,mannwhitney_u,10,10,0.00024243597639303995,0.00020740805422548485,0.0001444175491593,0.0001471694526758,57.0,0.6231762238821174,0.57,0.6231762238821174,=
sphere,50,100,DE_seq,DE_gpu_v2,mannwhitney_u,10,10,0.00024243597639303995,0.0001474870743669152,0.0001444175491593,0.00011146608411603438,69.0,0.16197241048012612,0.69,0.32394482096025223,=
sphere,50,100,DE_seq,DE_gpu_jDE,mannwhitney_u,10,10,0.00024243597639303995,5.0982846726982956e-05,0.0001444175491593,5.246123005868686e-05,94.0,0.0010079762403767444,0.94,0.003023928721130233,+
sphere,50,500,DE_seq,DE_gpu_v1,mannwhitney_u,10,10,0.0007981768134422678,0.0008743014064694001,0.0005293980925663499,0.00048923802738265,49.0,0.9698499769931556,0.49,1.0,=
sphere,50,500,DE_seq,DE_gpu_v2,mannwhitney_u,10,10,0.0007981768134422678,0.00068119449964973,0.0005293980925663499,0.0004714443197032,54.0,0.7913367801006604,0.54,1.0,=
sphere,50,500,DE_seq,DE_gpu_jDE,mannwhitney_u,10,10,0.0007981768134422678,0.00011184569744833964,0.0005293980925663499,7.873141422226322e-05,91.0,0.0022022199424970783,0.91,0.006606659827491234,+
sphere,100,50,DE_seq,DE_gpu_v1,mannwhitney_u,10,10,0.0011321709522705101,0.0011880456217186496,0.00088315757647445,0.0009598550355847,48.0,0.9097218891455553,0.48,1.0,=
sphere,100,50,DE_seq,DE_gpu_v2,mannwhitney_u,10,10,0.0011321709522705101,0.0020002167363625803,0.00088315757647445,0.001031481592303,45.0,0.7337299956962472,0.45,1.0,=
sphere,100,50,DE_seq,DE_gpu_jDE,mannwhitney_u,10,10,0.0011321709522705101,0.00029495899805558783,0.00088315757647445,0.00019163565801105,92.0,0.0017062493689195964,0.92,0.0051187481067587895,+
sphere,100,100,DE_seq,DE_gpu_v1,mannwhitney_u,10,10,0.0018230612882802599,0.00270496959322763,0.0012690960511075,0.0023493411179822997,37.0,0.3447042220069576,0.37,0.6894084440139152,=
sphere,100,100,DE_seq,DE_gpu_v2,mannwhitney_u,10,10,0.0018230612882802599,0.0036238410389382,0.0012690960511075,0.00109813550163485,45.0,0.7337299956962472,0.45,0.7337299956962472,=
sphere,100,100,DE_seq,DE_gpu_jDE,mannwhitney_u,10,10,0.0018230612882802599,0.00084539748528777,0.0012690960511075,0.00027056039241345,78.0,0.03763531378731424,0.78,0.11290594136194271,=
sphere,100,500,DE_seq,DE_gpu_v1,mannwhitney_u,10,10,0.005577060202646619,0.0025654669565713,0.00338167491284485,0.00264724730798945,68.0,0.18587673236587576,0.68,0.3717534647317515,=
sphere,100,500,DE_seq,DE_gpu_v2,mannwhitney_u,10,10,0.005577060202646619,0.00509022241161494,0.00338167491284485,0.0030423548494348,52.0,0.9097218891455553,0.52,0.9097218891455553,=
sphere,100,500,DE_seq,DE_gpu_jDE,mannwhitney_u,10,10,0.005577060202646619,0.00143904663104307,0.00338167491284485,0.00082025309187085,84.0,0.011329696684474665,0.84,0.033989090053423994,+
