algo,func,D,N,threads,seed,best_error,time_s,FE
cuda_v2,rastrigin,50,50,32,1,1.427535e+02,0.104292,500000
cuda_v2,rastrigin,50,50,32,2,1.447171e+02,0.103768,500000
cuda_v2,rastrigin,50,50,32,3,1.496458e+02,0.103594,500000
cuda_v2,rastrigin,50,50,64,1,1.478779e+02,0.091347,500000
cuda_v2,rastrigin,50,50,64,2,1.340787e+02,0.091303,500000
cuda_v2,rastrigin,50,50,64,3,1.245010e+02,0.091197,500000
cuda_v2,rastrigin,50,50,128,1,1.498850e+02,0.100164,500000
cuda_v2,rastrigin,50,50,128,2,1.418253e+02,0.100400,500000
cuda_v2,rastrigin,50,50,128,3,1.325190e+02,0.100243,500000
cuda_v2,rastrigin,50,50,256,1,1.437536e+02,0.126156,500000
cuda_v2,rastrigin,50,50,256,2,1.234067e+02,0.126148,500000
cuda_v2,rastrigin,50,50,256,3,1.483362e+02,0.126224,500000
cuda_v2,rastrigin,50,100,32,1,1.758085e+02,0.053493,500000
cuda_v2,rastrigin,50,100,32,2,1.615701e+02,0.053405,500000
cuda_v2,rastrigin,50,100,32,3,1.498399e+02,0.053498,500000
cuda_v2,rastrigin,50,100,64,1,1.536470e+02,0.050441,500000
cuda_v2,rastrigin,50,100,64,2,1.601138e+02,0.050307,500000
cuda_v2,rastrigin,50,100,64,3,1.631732e+02,0.050381,500000
cuda_v2,rastrigin,50,100,128,1,1.645834e+02,0.058915,500000
cuda_v2,rastrigin,50,100,128,2,1.727715e+02,0.058298,500000
cuda_v2,rastrigin,50,100,128,3,1.730949e+02,0.058792,500000
cuda_v2,rastrigin,50,100,256,1,1.789151e+02,0.077883,500000
cuda_v2,rastrigin,50,100,256,2,1.602029e+02,0.077854,500000
cuda_v2,rastrigin,50,100,256,3,1.556414e+02,0.077809,500000
cuda_v2,rastrigin,50,500,32,1,2.250184e+02,0.020121,500000
cuda_v2,rastrigin,50,500,32,2,2.164155e+02,0.020159,500000
cuda_v2,rastrigin,50,500,32,3,2.295297e+02,0.021075,500000
cuda_v2,rastrigin,50,500,64,1,2.316057e+02,0.022273,500000
cuda_v2,rastrigin,50,500,64,2,2.271136e+02,0.022132,500000
cuda_v2,rastrigin,50,500,64,3,2.360646e+02,0.022293,500000
cuda_v2,rastrigin,50,500,128,1,2.349290e+02,0.038253,500000
cuda_v2,rastrigin,50,500,128,2,2.352275e+02,0.038286,500000
cuda_v2,rastrigin,50,500,128,3,2.288023e+02,0.038295,500000
cuda_v2,rastrigin,50,500,256,1,2.260370e+02,0.081798,500000
cuda_v2,rastrigin,50,500,256,2,2.408551e+02,0.081788,500000
cuda_v2,rastrigin,50,500,256,3,2.375317e+02,0.081815,500000
cuda_v2,rastrigin,100,50,32,1,4.974238e+02,0.274459,1000000
cuda_v2,rastrigin,100,50,32,2,4.953971e+02,0.274073,1000000
cuda_v2,rastrigin,100,50,32,3,4.874828e+02,0.273658,1000000
cuda_v2,rastrigin,100,50,64,1,4.858969e+02,0.218557,1000000
cuda_v2,rastrigin,100,50,64,2,5.050788e+02,0.219317,1000000
cuda_v2,rastrigin,100,50,64,3,4.871752e+02,0.220344,1000000
cuda_v2,rastrigin,100,50,128,1,5.023460e+02,0.224172,1000000
cuda_v2,rastrigin,100,50,128,2,5.009641e+02,0.224115,1000000
cuda_v2,rastrigin,100,50,128,3,5.001714e+02,0.223780,1000000
cuda_v2,rastrigin,100,50,256,1,4.990935e+02,0.271133,1000000
cuda_v2,rastrigin,100,50,256,2,4.985552e+02,0.270239,1000000
cuda_v2,rastrigin,100,50,256,3,4.885149e+02,0.271021,1000000
cuda_v2,rastrigin,100,100,32,1,5.394246e+02,0.142120,1000000
cuda_v2,rastrigin,100,100,32,2,5.511631e+02,0.142046,1000000
cuda_v2,rastrigin,100,100,32,3,5.194624e+02,0.142158,1000000
cuda_v2,rastrigin,100,100,64,1,5.355649e+02,0.124711,1000000
cuda_v2,rastrigin,100,100,64,2,5.530482e+02,0.124621,1000000
cuda_v2,rastrigin,100,100,64,3,5.099008e+02,0.124486,1000000
cuda_v2,rastrigin,100,100,128,1,5.538351e+02,0.136790,1000000
cuda_v2,rastrigin,100,100,128,2,5.285666e+02,0.137882,1000000
cuda_v2,rastrigin,100,100,128,3,5.401577e+02,0.138089,1000000
cuda_v2,rastrigin,100,100,256,1,5.499787e+02,0.172098,1000000
cuda_v2,rastrigin,100,100,256,2,5.376086e+02,0.171512,1000000
cuda_v2,rastrigin,100,100,256,3,5.265778e+02,0.171241,1000000
cuda_v2,rastrigin,100,500,32,1,6.287139e+02,0.059864,1000000
cuda_v2,rastrigin,100,500,32,2,5.877551e+02,0.059853,1000000
cuda_v2,rastrigin,100,500,32,3,6.145017e+02,0.059879,1000000
cuda_v2,rastrigin,100,500,64,1,5.864663e+02,0.064171,1000000
cuda_v2,rastrigin,100,500,64,2,6.415593e+02,0.064276,1000000
cuda_v2,rastrigin,100,500,64,3,6.311738e+02,0.064173,1000000
cuda_v2,rastrigin,100,500,128,1,6.358180e+02,0.102439,1000000
cuda_v2,rastrigin,100,500,128,2,6.283227e+02,0.103407,1000000
cuda_v2,rastrigin,100,500,128,3,6.336786e+02,0.101954,1000000
cuda_v2,rastrigin,100,500,256,1,6.297397e+02,0.170430,1000000
cuda_v2,rastrigin,100,500,256,2,6.324998e+02,0.170385,1000000
cuda_v2,rastrigin,100,500,256,3,6.320491e+02,0.170410,1000000
cuda_v2,sphere,50,50,32,1,0.000000e+00,0.087757,500000
cuda_v2,sphere,50,50,32,2,0.000000e+00,0.087394,500000
cuda_v2,sphere,50,50,32,3,0.000000e+00,0.087371,500000
cuda_v2,sphere,50,50,64,1,0.000000e+00,0.080794,500000
cuda_v2,sphere,50,50,64,2,0.000000e+00,0.080829,500000
cuda_v2,sphere,50,50,64,3,0.000000e+00,0.081219,500000
cuda_v2,sphere,50,50,128,1,0.000000e+00,0.090578,500000
cuda_v2,sphere,50,50,128,2,0.000000e+00,0.090167,500000
cuda_v2,sphere,50,50,128,3,0.000000e+00,0.090336,500000
cuda_v2,sphere,50,50,256,1,0.000000e+00,0.117690,500000
cuda_v2,sphere,50,50,256,2,0.000000e+00,0.118284,500000
cuda_v2,sphere,50,50,256,3,0.000000e+00,0.118029,500000
cuda_v2,sphere,50,100,32,1,0.000000e+00,0.044972,500000
cuda_v2,sphere,50,100,32,2,0.000000e+00,0.044790,500000
cuda_v2,sphere,50,100,32,3,0.000000e+00,0.044937,500000
cuda_v2,sphere,50,100,64,1,0.000000e+00,0.043612,500000
cuda_v2,sphere,50,100,64,2,0.000000e+00,0.043609,500000
cuda_v2,sphere,50,100,64,3,0.000000e+00,0.043840,500000
cuda_v2,sphere,50,100,128,1,0.000000e+00,0.051601,500000
cuda_v2,sphere,50,100,128,2,0.000000e+00,0.051926,500000
cuda_v2,sphere,50,100,128,3,0.000000e+00,0.051434,500000
cuda_v2,sphere,50,100,256,1,0.000000e+00,0.073684,500000
cuda_v2,sphere,50,100,256,2,0.000000e+00,0.073059,500000
cuda_v2,sphere,50,100,256,3,0.000000e+00,0.073629,500000
cuda_v2,sphere,50,500,32,1,2.448101e-04,0.014100,500000
cuda_v2,sphere,50,500,32,2,2.486464e-04,0.014019,500000
cuda_v2,sphere,50,500,32,3,2.859666e-04,0.014147,500000
cuda_v2,sphere,50,500,64,1,2.460056e-04,0.018008,500000
cuda_v2,sphere,50,500,64,2,2.325786e-04,0.017940,500000
cuda_v2,sphere,50,500,64,3,2.214492e-04,0.017845,500000
cuda_v2,sphere,50,500,128,1,2.110692e-04,0.034831,500000
cuda_v2,sphere,50,500,128,2,2.370879e-04,0.034833,500000
cuda_v2,sphere,50,500,128,3,2.463045e-04,0.035006,500000
cuda_v2,sphere,50,500,256,1,2.790265e-04,0.081082,500000
cuda_v2,sphere,50,500,256,2,2.235697e-04,0.081017,500000
cuda_v2,sphere,50,500,256,3,2.623864e-04,0.081142,500000
cuda_v2,sphere,100,50,32,1,0.000000e+00,0.215688,1000000
cuda_v2,sphere,100,50,32,2,0.000000e+00,0.216286,1000000
cuda_v2,sphere,100,50,32,3,0.000000e+00,0.216084,1000000
cuda_v2,sphere,100,50,64,1,0.000000e+00,0.180173,1000000
cuda_v2,sphere,100,50,64,2,0.000000e+00,0.179697,1000000
cuda_v2,sphere,100,50,64,3,0.000000e+00,0.180363,1000000
cuda_v2,sphere,100,50,128,1,0.000000e+00,0.185273,1000000
cuda_v2,sphere,100,50,128,2,0.000000e+00,0.186039,1000000
cuda_v2,sphere,100,50,128,3,0.000000e+00,0.186499,1000000
cuda_v2,sphere,100,50,256,1,0.000000e+00,0.239814,1000000
cuda_v2,sphere,100,50,256,2,0.000000e+00,0.239252,1000000
cuda_v2,sphere,100,50,256,3,0.000000e+00,0.238660,1000000
cuda_v2,sphere,100,100,32,1,1.513627e-28,0.110474,1000000
cuda_v2,sphere,100,100,32,2,2.619511e-28,0.109952,1000000
cuda_v2,sphere,100,100,32,3,1.376562e-28,0.110091,1000000
cuda_v2,sphere,100,100,64,1,4.930381e-32,0.096238,1000000
cuda_v2,sphere,100,100,64,2,0.000000e+00,0.096249,1000000
cuda_v2,sphere,100,100,64,3,4.930381e-32,0.095885,1000000
cuda_v2,sphere,100,100,128,1,2.312349e-29,0.111166,1000000
cuda_v2,sphere,100,100,128,2,6.857666e-28,0.111034,1000000
cuda_v2,sphere,100,100,128,3,1.424880e-29,0.111069,1000000
cuda_v2,sphere,100,100,256,1,0.000000e+00,0.149843,1000000
cuda_v2,sphere,100,100,256,2,9.397429e-28,0.150798,1000000
cuda_v2,sphere,100,100,256,3,2.504633e-29,0.150694,1000000
cuda_v2,sphere,100,500,32,1,1.046142e-01,0.033566,1000000
cuda_v2,sphere,100,500,32,2,9.803019e-02,0.033528,1000000
cuda_v2,sphere,100,500,32,3,9.350164e-02,0.033559,1000000
cuda_v2,sphere,100,500,64,1,1.032622e-01,0.041077,1000000
cuda_v2,sphere,100,500,64,2,8.827274e-02,0.040469,1000000
cuda_v2,sphere,100,500,64,3,9.716886e-02,0.040691,1000000
cuda_v2,sphere,100,500,128,1,9.202933e-02,0.089993,1000000
cuda_v2,sphere,100,500,128,2,9.510602e-02,0.089720,1000000
cuda_v2,sphere,100,500,128,3,9.695554e-02,0.090000,1000000
cuda_v2,sphere,100,500,256,1,8.825406e-02,0.165812,1000000
cuda_v2,sphere,100,500,256,2,9.220745e-02,0.165848,1000000
cuda_v2,sphere,100,500,256,3,9.396790e-02,0.165839,1000000
