algo,func,D,N,seed,best_error,time_s,FE
cuda_v1,rastrigin,10,50,1,0.000000e+00,0.043297,100000
cuda_v1,rastrigin,10,50,2,0.000000e+00,0.043281,100000
cuda_v1,rastrigin,10,50,3,0.000000e+00,0.043306,100000
cuda_v2,rastrigin,10,50,1,0.000000e+00,0.017108,100000
cuda_v2,rastrigin,10,50,2,0.000000e+00,0.017139,100000
cuda_v2,rastrigin,10,50,3,0.000000e+00,0.017021,100000
cuda_v1,rastrigin,10,100,1,0.000000e+00,0.025820,100000
cuda_v1,rastrigin,10,100,2,0.000000e+00,0.026123,100000
cuda_v1,rastrigin,10,100,3,0.000000e+00,0.025884,100000
cuda_v2,rastrigin,10,100,1,0.000000e+00,0.008801,100000
cuda_v2,rastrigin,10,100,2,0.000000e+00,0.008776,100000
cuda_v2,rastrigin,10,100,3,0.000000e+00,0.008808,100000
cuda_v1,rastrigin,10,500,1,3.486857e+00,0.005396,100000
cuda_v1,rastrigin,10,500,2,4.740006e+00,0.005380,100000
cuda_v1,rastrigin,10,500,3,4.800567e+00,0.005335,100000
cuda_v2,rastrigin,10,500,1,3.585609e+00,0.003128,100000
cuda_v2,rastrigin,10,500,2,4.852065e+00,0.003115,100000
cuda_v2,rastrigin,10,500,3,4.714385e+00,0.003140,100000
cuda_v1,rastrigin,50,50,1,1.388517e+02,0.757129,500000
cuda_v1,rastrigin,50,50,2,1.539437e+02,0.758260,500000
cuda_v1,rastrigin,50,50,3,1.466361e+02,0.756498,500000
cuda_v2,rastrigin,50,50,1,1.478779e+02,0.091245,500000
cuda_v2,rastrigin,50,50,2,1.340787e+02,0.090875,500000
cuda_v2,rastrigin,50,50,3,1.245010e+02,0.090975,500000
cuda_v1,rastrigin,50,100,1,1.729209e+02,0.478652,500000
cuda_v1,rastrigin,50,100,2,1.726266e+02,0.480275,500000
cuda_v1,rastrigin,50,100,3,1.632127e+02,0.479789,500000
cuda_v2,rastrigin,50,100,1,1.536470e+02,0.050362,500000
cuda_v2,rastrigin,50,100,2,1.601138e+02,0.050523,500000
cuda_v2,rastrigin,50,100,3,1.631732e+02,0.050418,500000
cuda_v1,rastrigin,50,500,1,2.238338e+02,0.101404,500000
cuda_v1,rastrigin,50,500,2,2.383437e+02,0.101273,500000
cuda_v1,rastrigin,50,500,3,2.341425e+02,0.101384,500000
cuda_v2,rastrigin,50,500,1,2.250184e+02,0.020044,500000
cuda_v2,rastrigin,50,500,2,2.164155e+02,0.020100,500000
cuda_v2,rastrigin,50,500,3,2.295297e+02,0.020023,500000
cuda_v1,rastrigin,100,50,1,4.694937e+02,2.778737,1000000
cuda_v1,rastrigin,100,50,2,4.669506e+02,2.772823,1000000
cuda_v1,rastrigin,100,50,3,5.025340e+02,2.773087,1000000
cuda_v2,rastrigin,100,50,1,4.858969e+02,0.218959,1000000
cuda_v2,rastrigin,100,50,2,5.050788e+02,0.219166,1000000
cuda_v2,rastrigin,100,50,3,4.871752e+02,0.219942,1000000
cuda_v1,rastrigin,100,100,1,5.335716e+02,1.825921,1000000
cuda_v1,rastrigin,100,100,2,5.414355e+02,1.827969,1000000
cuda_v1,rastrigin,100,100,3,5.352230e+02,1.827324,1000000
cuda_v2,rastrigin,100,100,1,5.355649e+02,0.124973,1000000
cuda_v2,rastrigin,100,100,2,5.530482e+02,0.125152,1000000
cuda_v2,rastrigin,100,100,3,5.099008e+02,0.124436,1000000
cuda_v1,rastrigin,100,500,1,6.465462e+02,0.386243,1000000
cuda_v1,rastrigin,100,500,2,6.256599e+02,0.386031,1000000
cuda_v1,rastrigin,100,500,3,5.824325e+02,0.387073,1000000
cuda_v2,rastrigin,100,500,1,6.287139e+02,0.059909,1000000
cuda_v2,rastrigin,100,500,2,5.877551e+02,0.059544,1000000
cuda_v2,rastrigin,100,500,3,6.145017e+02,0.059625,1000000
