dim,pop,T_DE_seq,T_DE_gpu_v1,speedup_DE_gpu_v1,T_DE_gpu_v2,speedup_DE_gpu_v2,T_DE_gpu_jDE,speedup_DE_gpu_jDE
10,50,0.019869768745117252,0.18861994664300424,0.10534288180414034,0.08253210815136056,0.2407519835634987,0.0816135661436887,0.2434615920364829
10,100,0.019985124143137818,0.11809401820416579,0.169230621898111,0.06573300800189819,0.30403483349736105,0.06582317309459311,0.3036183642258876
10,500,0.019883057195762353,0.0637493570821893,0.3118942387156624,0.0531333502958586,0.374210492751708,0.05320572450814679,0.37370146501280865
50,50,0.4981763297837949,0.7343414711574341,0.6783987413901507,0.21247811684018134,2.3446006449619743,0.21271995157988663,2.3419351409390745
50,100,0.4998448317094121,0.38695524533644715,1.2917380956415527,0.1291799069390407,3.869369807994104,0.1293752649037639,3.863527020263285
50,500,0.5016063021855288,0.11829349421248496,4.24035409153201,0.06607255931172298,7.59174924372168,0.06681980326640184,7.506850928394535
100,50,2.015851675830603,1.4145368007402808,1.4250966639932108,0.3740637169310258,5.389059629652103,0.3716164383903576,5.424549259882549
100,100,1.9930530889559948,0.740646278026934,2.6909648344759742,0.21208744629939574,9.397317586362362,0.21258258617682055,9.375429684998874
100,500,2.011963204050863,0.18892518592816568,10.649523482887371,0.08401735463895368,23.946995387998555,0.08471440945711543,23.74995253988484
